{"loss": [0.007286394946277142, 0.00404373649507761, 0.0037898554001003504, 0.0036840885877609253, 0.0034885508939623833, 0.0027298331260681152, 0.002505354816094041, 0.0024218058679252863, 0.002317404840141535, 0.002295674988999963, 0.00217835302464664, 0.0021323056425899267, 0.0018842336721718311, 0.00175612757448107, 0.0017060203244909644], "mae": [0.08053889125585556, 0.06209539994597435, 0.06019091606140137, 0.059142425656318665, 0.05737154930830002, 0.048923831433057785, 0.046646598726511, 0.045701492577791214, 0.04473831504583359, 0.04447942227125168, 0.0433603972196579, 0.04303717613220215, 0.039796292781829834, 0.038575753569602966, 0.038096699863672256], "mse": [0.016780156642198563, 0.008144116029143333, 0.007624471560120583, 0.007417198270559311, 0.007018778473138809, 0.005496364552527666, 0.005047807469964027, 0.004882234614342451, 0.004669133573770523, 0.004619833081960678, 0.0043855165131390095, 0.00429460359737277, 0.0037955252919346094, 0.0035384984221309423, 0.0034359958954155445], "traffic_acc_500": [0.5928968787193298, 0.6856352090835571, 0.692986249923706, 0.7010003328323364, 0.7126466631889343, 0.7869353294372559, 0.8031076192855835, 0.8095361590385437, 0.8152151703834534, 0.8163682818412781, 0.8265732526779175, 0.8279281854629517, 0.8496930003166199, 0.8580241799354553, 0.8613681793212891], "val_loss": [0.0029534862842410803, 0.0028819753788411617, 0.0032530296593904495, 0.002370906062424183, 0.002298288978636265, 0.0016727786278352141, 0.0017537178937345743, 0.0016099635977298021, 0.0017355810850858688, 0.001572906388901174, 0.0016279146075248718, 0.0015790332108736038, 0.0014314362779259682, 0.0014469431480392814, 0.00145014061126858], "val_mae": [0.05604603886604309, 0.05577936768531799, 0.05926738679409027, 0.048674020916223526, 0.04765082895755768, 0.04007592797279358, 0.03996812924742699, 0.038380395621061325, 0.03956344723701477, 0.036965105682611465, 0.03933224827051163, 0.03848698362708092, 0.035979725420475006, 0.03615503013134003, 0.036362458020448685], "val_mse": [0.005907420068979263, 0.005767695140093565, 0.006506491452455521, 0.004743257071822882, 0.004596929997205734, 0.0033459945116192102, 0.0035081750247627497, 0.0032199271954596043, 0.003471162635833025, 0.003145966213196516, 0.0032558394595980644, 0.003158142324537039, 0.002862917724996805, 0.0028939214535057545, 0.0029002828523516655], "val_traffic_acc_500": [0.7159532904624939, 0.6835278868675232, 0.6907911896705627, 0.7808041572570801, 0.7904020547866821, 0.8487678170204163, 0.8490272164344788, 0.8630350232124329, 0.8485084176063538, 0.8604409694671631, 0.8619974255561829, 0.8601815700531006, 0.8747081756591797, 0.8736705780029297, 0.8752269744873047], "learning_rate": [0.007000000216066837, 0.007000000216066837, 0.007000000216066837, 0.007000000216066837, 0.007000000216066837, 0.002099999925121665, 0.002099999925121665, 0.002099999925121665, 0.002099999925121665, 0.002099999925121665, 0.002099999925121665, 0.002099999925121665, 0.0003499999875202775, 0.0003499999875202775, 0.0003499999875202775]}