{"loss": [0.008415182121098042, 0.0047132708132267, 0.004345404449850321, 0.004125631880015135, 0.004001539666205645, 0.0033472557552158833, 0.003071033861488104, 0.0029404249507933855, 0.002827172167599201, 0.002728848485276103, 0.002632852178066969, 0.0025077289901673794, 0.0021561612375080585, 0.002026527188718319, 0.0019504870288074017], "mae": [0.08795522153377533, 0.06822627782821655, 0.06496234238147736, 0.06298749893903732, 0.06201545521616936, 0.05512816086411476, 0.052749864757061005, 0.051444970071315765, 0.050382424145936966, 0.049374643713235855, 0.04866933822631836, 0.04752015322446823, 0.04356007277965546, 0.04235982894897461, 0.041627272963523865], "mse": [0.01857510395348072, 0.00948353111743927, 0.008744779042899609, 0.008300868794322014, 0.008048435673117638, 0.00673687644302845, 0.006181898061186075, 0.005918491631746292, 0.005691673140972853, 0.005492108874022961, 0.005302518606185913, 0.005048002116382122, 0.004342811182141304, 0.004082378465682268, 0.003929798025637865], "traffic_acc_500": [0.5532013177871704, 0.6327942609786987, 0.6609876155853271, 0.6736429333686829, 0.6832713484764099, 0.7361411452293396, 0.7510449886322021, 0.7616246938705444, 0.7677649855613708, 0.7737034559249878, 0.7796131372451782, 0.7849750518798828, 0.8152151703834534, 0.8254201412200928, 0.8298307657241821], "val_loss": [0.003599337534978986, 0.002759684342890978, 0.002584615256637335, 0.002625668654218316, 0.0027513171080499887, 0.0019047126406803727, 0.0018968743970617652, 0.0018613681895658374, 0.0019109667045995593, 0.0020084937568753958, 0.0018862913129851222, 0.0020218987483531237, 0.001836500596255064, 0.0018434511730447412, 0.001865158323198557], "val_mae": [0.05979926884174347, 0.05648340657353401, 0.05155939981341362, 0.0532902367413044, 0.05159805715084076, 0.04250161722302437, 0.043031882494688034, 0.043310973793268204, 0.04178306460380554, 0.04291835054755211, 0.04144255444407463, 0.04223813861608505, 0.040176644921302795, 0.0404987633228302, 0.04089042916893959], "val_mse": [0.007204934488981962, 0.005519493483006954, 0.00516923051327467, 0.005251337308436632, 0.005518459714949131, 0.0038094252813607454, 0.0037937487941235304, 0.0037227363791316748, 0.0038219334091991186, 0.0040169875137507915, 0.0037725826259702444, 0.004043797496706247, 0.003673001192510128, 0.0036869023460894823, 0.003730316646397114], "val_traffic_acc_500": [0.6863813400268555, 0.7242541909217834, 0.7452659010887146, 0.7434500455856323, 0.7499351501464844, 0.8158236145973206, 0.8116731643676758, 0.8197146654129028, 0.8145266175270081, 0.8114137649536133, 0.8269779682159424, 0.8171206116676331, 0.8334630131721497, 0.8321660161018372, 0.8300908207893372], "learning_rate": [0.007000000216066837, 0.007000000216066837, 0.007000000216066837, 0.007000000216066837, 0.007000000216066837, 0.002099999925121665, 0.002099999925121665, 0.002099999925121665, 0.002099999925121665, 0.002099999925121665, 0.002099999925121665, 0.002099999925121665, 0.0003499999875202775, 0.0003499999875202775, 0.0003499999875202775]}